{
  "schedule": [
    "PRO",
    "PRO",
    "PRO",
    "PRO",
    "PRO",
    "PRO",
    "PRO",
    "PRO",
    "PRO",
    "PRO",
    "CON",
    "CON",
    "CON",
    "CON",
    "CON",
    "PRO",
    "PRO",
    "PRO",
    "PRO",
    "PRO"
  ],
  "substrate_alpha": [
    0.5,
    0.5143165177480161,
    0.5286095799112939,
    0.542855884368269,
    0.5570324337950012,
    0.5711166827927042,
    0.5850866788293898,
    0.5989211951610297,
    0.6125998540820474,
    0.6261032390729749,
    0.6394129946573642,
    0.518196281873729,
    0.4932766773355181,
    0.4683904348641705,
    0.44366044632523693,
    0.4192065315007692,
    0.43321404905309835,
    0.447329123398831,
    0.4615296046569083,
    0.4757927927559595,
    0.4900955804860964
  ],
  "fitted_alpha": [
    0.5,
    0.524385287749643,
    0.5475812909820201,
    0.5696460117874711,
    0.5906346234610091,
    0.6105996084642976,
    0.6295908896591411,
    0.6476559551406433,
    0.6648399769821804,
    0.6811859241891134,
    0.6967346701436834,
    0.6132878111147299,
    0.5398352563456204,
    0.4751800031114989,
    0.41826841189579883,
    0.36817303599533574,
    0.39898760064580985,
    0.4282993212445204,
    0.45618149236075756,
    0.4827038339454862,
    0.5079326656675391
  ],
  "gamma_pro": 0.05,
  "gamma_con": 0.12757032600156443,
  "mse": 0.0016050054880774524,
  "rmse": 0.040062519741991424
}